https://droplist.store/collections/sneakers/products/dunk-low-x-off-white-green, Dunk low x OFF-White Green, 1000, https://droplist.store/cdn/shop/files/CT0856-100.jpg?v=1701785220&width=2000, 1, 2
https://droplist.store/collections/sneakers/products/air-jordan-1-retro-high-yellow-toe-taxi, Air Jordan 1 Retro High Yellow toe taxi, 210, https://droplist.store/cdn/shop/files/555088-711.jpg?v=1701782623&width=2000, 1, 2
https://droplist.store/collections/sneakers/products/jordan-1-high-lucky-green, Jordan 1 high Lucky green, 245, https://droplist.store/cdn/shop/files/DZ5485-031.jpg?v=1701785567&width=2000, 1, 2
https://droplist.store/collections/sneakers/products/campus-00s-almost-pink, Campus 00S Almost pink, 200, https://droplist.store/cdn/shop/files/HP6396.jpg?v=1701784280&width=2000, 1, 2
https://droplist.store/collections/sneakers/products/air-jordan-4-red-cement-gs, Air Jordan 4 Red Cement GS, 300, https://droplist.store/cdn/shop/files/408452-161.jpg?v=1701782897&width=2000, 1, 2
https://droplist.store/collections/sneakers/products/air-jordan-4-frozen, Air Jordan 4 Frozen, 450, https://droplist.store/cdn/shop/files/AQ9129-001.jpg?v=1701691573&width=2000, 1, 2
https://droplist.store/collections/sneakers/products/campus-00s-black, Campus 00S Black, 200, https://droplist.store/cdn/shop/files/HQ8708.jpg?v=1701784363&width=2000, 1, 2
https://droplist.store/collections/sneakers/products/converse-x-off-white, Converse x  OFF-White, 450, https://droplist.store/cdn/shop/files/163862C.jpg?v=1701784855&width=2000, 1, 2
https://droplist.store/collections/sneakers/products/air-max-90-off-white-the-10, Air Max 90 OFF-White THE 10, 1100, https://droplist.store/cdn/shop/files/AA7293-001.jpg?v=1701783997&width=2000, 1, 2
https://droplist.store/collections/sneakers/products/dunk-low-x-off-white-red, Dunk low x OFF-White Red, 1000, https://droplist.store/cdn/shop/files/CT0856-600.jpg?v=1701785346&width=2000, 1, 2
https://droplist.store/collections/sneakers/products/air-presto-x-off-white-the-10, Air presto x OFF-White THE 10, 1000, https://droplist.store/cdn/shop/files/AA3830-002.jpg?v=1701784072&width=2000, 1, 2
https://droplist.store/collections/sneakers/products/jordan-4-thunder-gs, Jordan 4 Thunder Gs, 450, https://droplist.store/cdn/shop/files/408452-016.jpg?v=1701801837&width=2000, 1, 2
https://droplist.store/collections/sneakers/products/yeezy-boost-700-wave-runner, Yeezy Boost 700 Wave Runner, 455, https://droplist.store/cdn/shop/files/B75571.jpg?v=1701802580&width=2000, 1, 2
https://droplist.store/collections/sneakers/products/campus-00s-velvet-purple-1, Campus 00S velvet purple, 200, https://droplist.store/cdn/shop/files/IF0511.jpg?v=1701784447&width=2000, 1, 2
https://droplist.store/collections/sneakers/products/nike-dunk-low-concord-university-blue, Nike Dunk low concord university blue, 200, https://droplist.store/cdn/shop/files/DJ9955-101.jpg?v=1701802124&width=2000, 1, 2
https://droplist.store/collections/sneakers/products/nike-dunk-low-grey-fog-lottery, Nike Dunk low grey fog lottery, 200, https://droplist.store/cdn/shop/files/DR9654-001.jpg?v=1701802193&width=2000, 1, 2
https://droplist.store/collections/sneakers/products/nike-dunk-low-cacao, Nike Dunk low cacao, 250, https://droplist.store/cdn/shop/files/DD1503-124.jpg?v=1701802032&width=2000, 1, 2
https://droplist.store/collections/sneakers/products/air-jordan-1-high-spiderman, Air Jordan 1 High Spiderman, 420, https://droplist.store/cdn/shop/files/DV1748-601.jpg?v=1701782022&width=2000, 1, 2
https://droplist.store/collections/sneakers/products/yeezy-boost-350-v2-granit, Yeezy Boost 350 V2 Granit, 450, https://droplist.store/cdn/shop/files/HQ2059.jpg?v=1701802373&width=2000, 1, 2
https://droplist.store/collections/sneakers/products/yeezy-boost-350-v2-static, Yeezy Boost 350 V2 Static, 450, https://droplist.store/cdn/shop/files/EF2905.jpg?v=1701802437&width=2000, 1, 2
https://droplist.store/collections/sneakers/products/yeezy-boost-350-v2-cblack, Yeezy Boost 350 V2 CBlack, 490, https://droplist.store/cdn/shop/files/BY9612.jpg?v=1701802320&width=2000, 1, 2
https://droplist.store/collections/sneakers/products/yeezy-350-bone, Yeezy 350 Bone, 490, https://droplist.store/cdn/shop/files/HQ6316.jpg?v=1701802254&width=2000, 1, 2
https://droplist.store/collections/sneakers/products/jordan-4-zen-master, Jordan 4 Zen Master, 350, https://droplist.store/cdn/shop/files/DH7138-506.jpg?v=1701801898&width=2000, 1, 2
https://droplist.store/collections/sneakers/products/jordan-6-travis-scott, Jordan 6 Travis Scott, 490, https://droplist.store/cdn/shop/files/DH0690-200.jpg?v=1701691870&width=2000, 1, 2
https://droplist.store/collections/sneakers/products/jordan-4-seafoam, Jordan 4 Seafoam, 450, https://droplist.store/cdn/shop/files/AQ9129-103.jpg?v=1701801770&width=2000, 1, 2
https://droplist.store/collections/sneakers/products/jordan-4-sail-cement-canvas, Jordan 4 Sail Cement Canvas, 450, https://droplist.store/cdn/shop/files/DQ4909-100.jpg?v=1701801697&width=2000, 1, 2
https://droplist.store/collections/sneakers/products/jordan-4-pine-green, Jordan 4 Pine green, 600, https://droplist.store/cdn/shop/files/DR5415-103.jpg?v=1701801573&width=2000, 1, 2
https://droplist.store/collections/sneakers/products/jordan-4-photon-dust-gs, Jordan 4 Photon dust GS, 300, https://droplist.store/cdn/shop/files/DV3742-021_18bfc48d-7ce1-4237-a3be-682c9494ec70.jpg?v=1701801510&width=2000, 1, 2
https://droplist.store/collections/sneakers/products/jordan-4-photon-dust, Jordan 4 Photon dust, 300, https://droplist.store/cdn/shop/files/DV3742-021.jpg?v=1701801489&width=2000, 1, 2
https://droplist.store/collections/sneakers/products/copia-del-jordan-4-sail-cement-canvas, Jordan 4 retro Canyon, 385, https://droplist.store/cdn/shop/files/AQ9129-500.jpg?v=1701801639&width=2000, 1, 2
https://droplist.store/collections/sneakers/products/jordan-4-military-black, Jordan 4 Military black, 700, https://droplist.store/cdn/shop/files/DH6927-111.jpg?v=1701801357&width=2000, 1, 2
https://droplist.store/collections/sneakers/products/jordan-4-navy, Jordan 4 Navy, 500, https://droplist.store/cdn/shop/files/DH6927-140.jpg?v=1701801439&width=2000, 1, 2
https://droplist.store/collections/sneakers/products/jordan-4-infrared, Jordan 4 Infrared, 450, https://droplist.store/cdn/shop/files/DH6927-061.jpg?v=1701801262&width=2000, 1, 2
https://droplist.store/collections/sneakers/products/jordan-4-military-black-gs, Jordan 4 Military black GS, 700, https://droplist.store/cdn/shop/files/DH6927-111_cdf3d22b-10a3-4f73-b34f-5902cf546566.jpg?v=1701801386&width=2000, 1, 2
https://droplist.store/collections/sneakers/products/jordan-4-all-black, Jordan 4 ALL Black, 455, https://droplist.store/cdn/shop/files/CU9981-001.jpg?v=1701691808&width=2000, 1, 2
https://droplist.store/collections/sneakers/products/jordan-1-x-jbalvin, Jordan 1 X JBalvin, 599, https://droplist.store/cdn/shop/files/DC3481-900.jpg?v=1701691726&width=2000, 1, 2
https://droplist.store/collections/sneakers/products/jordan-1-high-newstalgia, Jordan 1 High Newstalgia, 150, https://droplist.store/cdn/shop/files/DJ4891-061.jpg?v=1701691432&width=2000, 1, 2
https://droplist.store/collections/sneakers/products/jordan-1-retro-high-og-hyper-royal, Jordan 1 Retro High OG Hyper Royal, 450, https://droplist.store/cdn/shop/files/555088-402.jpg?v=1701691648&width=2000, 1, 2
https://droplist.store/collections/sneakers/products/jordan-1-high-heritage, Jordan 1 High Heritage, 180, https://droplist.store/cdn/shop/files/555088-161.jpg?v=1701691300&width=2000, 1, 2
https://droplist.store/collections/sneakers/products/jordan-1-high-mocha, Jordan 1 High Mocha, 599, https://droplist.store/cdn/shop/files/555088-105.jpg?v=1701691367&width=2000, 1, 2
https://droplist.store/collections/sneakers/products/jordan-1-defiant-og, Jordan 1 Defiant OG, 490, https://droplist.store/cdn/shop/files/CD6578-507.jpg?v=1701691149&width=2000, 1, 2
https://droplist.store/collections/sneakers/products/campus-00s-grey, Campus 00S Grey, 200, https://droplist.store/cdn/shop/files/HQ8707.jpg?v=1701690961&width=2000, 1, 2
https://droplist.store/collections/sneakers/products/campus-00s-yellow, Campus 00S Yellow, 200, https://droplist.store/cdn/shop/files/HR1466.jpg?v=1701784680&width=2000, 1, 2
https://droplist.store/collections/sneakers/products/campus-00s-blue, Campus 00S Blue, 200, https://droplist.store/cdn/shop/files/H03471.jpg?v=1701784955&width=2000, 1, 2
https://droplist.store/collections/sneakers/products/campus-00s-green, Campus 00S Green, 200, https://droplist.store/cdn/shop/files/H03472.jpg?v=1701690877&width=2000, 1, 2
https://droplist.store/collections/sneakers/products/air-jordan-wmns-1-high-og-lucky-green, Air Jordan WMNS 1 High OG Lucky Green, 449, https://droplist.store/cdn/shop/files/DB4612-300_b06ae647-fd16-482d-a3ed-68312c3bbff0.jpg?v=1701690481&width=2000, 1, 2
https://droplist.store/collections/sneakers/products/campus-00s-brown, Campus 00S Brown, 200, https://droplist.store/cdn/shop/files/GY6433.jpg?v=1701690460&width=2000, 1, 2
https://droplist.store/collections/sneakers/products/air-jordan-4-tour-yellow-gs, Air Jordan 4 Tour yellow GS, 399, https://droplist.store/cdn/shop/files/DH6927-017_4ed0c3af-6bb7-435b-bd32-2e01c31d8c66.jpg?v=1701783182&width=2000, 1, 2
https://droplist.store/collections/sneakers/products/air-jordan-4-retro-white-oreo, Air Jordan 4 Retro White Oreo, 599, https://droplist.store/cdn/shop/files/CT8527-100.jpg?v=1701687957&width=2000, 1, 2
https://droplist.store/collections/sneakers/products/air-jordan-4-wmns-shimmer, Air Jordan 4 WMNS Shimmer, 450, https://droplist.store/cdn/shop/files/DJ0675-200.jpg?v=1701690303&width=2000, 1, 2
https://droplist.store/collections/sneakers/products/air-jordan-4-tour-yellow, Air Jordan 4 Tour yellow, 500, https://droplist.store/cdn/shop/files/DH6927-017.jpg?v=1701783114&width=2000, 1, 2
https://droplist.store/collections/sneakers/products/air-jordan-4-retro-lightning-cs, Air Jordan 4 Retro Lightning, 550, https://droplist.store/cdn/shop/files/CT8527-700.jpg?v=1701687568&width=2000, 1, 2
https://droplist.store/collections/sneakers/products/air-jordan-4-retro-university-blue, Air Jordan 4 Retro University Blue, 599, https://droplist.store/cdn/shop/files/CT8527-400.jpg?v=1701687824&width=2000, 1, 2
https://droplist.store/collections/sneakers/products/air-jordan-4-retro-taupe-haze, Air Jordan 4 Retro Taupe Haze, 650, https://droplist.store/cdn/shop/files/DB0732-200.jpg?v=1701687746&width=2000, 1, 2
https://droplist.store/collections/sneakers/products/air-jordan-4-black-canvas, Air Jordan 4 Black canvas, 455, https://droplist.store/cdn/shop/files/DH7138-006.jpg?v=1701782537&width=2000, 1, 2
https://droplist.store/collections/sneakers/products/air-jordan-4-red-cement, Air Jordan 4 Red Cement, 350, https://droplist.store/cdn/shop/files/DH6927-161.jpg?v=1701782748&width=2000, 1, 2
https://droplist.store/collections/sneakers/products/air-jordan-1-retro-high-visionaire, Air Jordan 1 Retro High Visionaire, 160, https://droplist.store/cdn/shop/files/555088-702.jpg?v=1701690605&width=2000, 1, 2
https://droplist.store/collections/sneakers/products/air-jordan-3-j-balvin, Air Jordan 3 J Balvin, 450, https://droplist.store/cdn/shop/files/FN0344-901.jpg?v=1701684826&width=2000, 1, 2
https://droplist.store/collections/sneakers/products/air-jordan-4-a-ma-maniere, Air Jordan 4 A Ma Maniere, 490, https://droplist.store/cdn/shop/files/DV6773-220.jpg?v=1701782427&width=2000, 1, 2
https://droplist.store/collections/sneakers/products/air-jordan-3-retro, Air Jordan 3 Retro, 500, https://droplist.store/cdn/shop/files/DA3595-100.jpg?v=1701685306&width=2000, 1, 2
https://droplist.store/collections/sneakers/products/air-jordan-1-retro-high-0g-bubble-gum-atmosphere, Air Jordan 1 Retro High 0G - Bubble Gum Atmosphere, 180, https://droplist.store/cdn/shop/files/DD9335-641.jpg?v=1701647223&width=2000, 1, 2
https://droplist.store/collections/sneakers/products/air-jordan-1-retro-high-high-og-denim, Air Jordan 1 Retro High High OG Denim, 400, https://droplist.store/cdn/shop/files/DM9036-104.jpg?v=1701647810&width=2000, 1, 2
https://droplist.store/collections/sneakers/products/air-jordan-1-retro-high-satin-snake-chicago-w, Air Jordan 1 Retro High Satin Snake Chicago (W), 450, https://droplist.store/cdn/shop/files/DZ5485-612_75cb8eb2-a69a-41db-9c09-7f1be4dfe8a1.jpg?v=1701647981&width=2000, 1, 2
https://droplist.store/collections/sneakers/products/air-jordan-1-retro-high-og-lost-and-found, Air Jordan 1 Retro High OG Lost and Found, 550, https://droplist.store/cdn/shop/files/DZ5485-612.jpg?v=1701647897&width=2000, 1, 2
https://droplist.store/collections/sneakers/products/air-jordan-1-low-fauna-brown, Air Jordan 1 Low Fauna Brown, 399, https://droplist.store/cdn/shop/files/DZ7292-200.jpg?v=1701782193&width=2000, 1, 2
https://droplist.store/collections/sneakers/products/air-jordan-1-high-gorge-green, Air Jordan 1 High Gorge Green, 300, https://droplist.store/cdn/shop/files/DZ5485-303.jpg?v=1701691511&width=2000, 1, 2
https://droplist.store/collections/sneakers/products/air-force-1-low-panda, Air Force 1 Low Panda, 150, https://droplist.store/cdn/shop/files/FJ5756-100_7f360870-755a-4f88-83cc-61850766aa74.jpg?v=1701646958&width=2000, 1, 2
https://droplist.store/collections/sneakers/products/air-jordan-1-dark-marina-blue, Air Jordan 1 Dark Marina Blue, 170, https://droplist.store/cdn/shop/files/555088-404.jpg?v=1701647042&width=2000, 1, 2
